{
  "Component-dbg.js": 1610467942297,
  "manifest.json": 1610469713539,
  "model/models.js": 1610467942301,
  "controller/View1.controller.js": 1610467942301,
  "Component.js": 1610467942297,
  "manifest-bundle.zip": 1610469713372,
  "Component-preload.js": 1610469713519,
  "model/models-dbg.js": 1610467942301,
  "controller/View1-dbg.controller.js": 1610467942301,
  "i18n/i18n.properties": 1610467942301,
  "resources.json": 1610469713541,
  "view/View1.view.xml": 1610469125430,
  "css/style.css": 1610467942301,
  "index.html": 1610467942297
}